{"weights": [-433.65000000000003, 1.0475666367048733, -1.2261240897365155, -5.489119193218135, -2.313557604198899, 0.6059759030536994, -1.0947533117110442, -1.4714798902931425, 0.12858237803079262, 0.05980388753133963, -0.12872998634892854, -0.9624988866079761, -2.172438937306101, 0.5445200927925031, 0.709838650066208, -2.1221767996369434, 1.8859827468807682, -0.060405585937994034, 2.0337007472991817, 0.5393413947689336, -0.154473311534277, -0.23764723214731226, 0.20432149628265428, 0.2939155770044103, -0.5543142334620477, -1.0135671169045322, 0.1293676372776513, 0.020672029955738004, -0.020787359495535142, -574.9484999999999], "bias": -0.05}